{
	"description": "项目配置文件。",
	"packOptions": {
		"ignore": []
	},
	"setting": {
		"urlCheck": false,
		"es6": true,
		"postcss": true,
		"minified": true,
		"newFeature": true
	},
	"compileType": "miniprogram",
	"libVersion": "1.9.98",
	"appid": "wx83c70918786b8d5f",
	"projectname": "blink",
	"isGameTourist": false,
	"condition": {
		"search": {
			"current": -1,
			"list": []
		},
		"conversation": {
			"current": -1,
			"list": []
		},
		"plugin": {
			"current": -1,
			"list": []
		},
		"game": {
			"currentL": -1,
			"list": []
		},
		"miniprogram": {
			"current": -1,
			"list": [
				{
					"id": -1,
					"name": "test",
					"pathName": "pages/test/test",
					"query": ""
				},
				{
					"id": 1,
					"name": "book",
					"pathName": "pages/book/book",
					"query": ""
				},
				{
					"id": 2,
					"name": "book",
					"pathName": "pages/detail/detail",
					"query": "bid=65"
				},
				{
					"id": -1,
					"name": "my",
					"pathName": "pages/my/my",
					"query": "bid=65"
				},
				{
					"id": -1,
					"name": "about",
					"pathName": "pages/about/about",
					"query": ""
				},
				{
					"id": -1,
					"name": "course",
					"pathName": "pages/course/course",
					"query": ""
				}
			]
		}
	}
}